<?xml version="1.0" encoding="UTF-8"?>
<project-private xmlns="http://www.netbeans.org/ns/project-private/1">
    <editor-bookmarks xmlns="http://www.netbeans.org/ns/editor-bookmarks/2" lastBookmarkId="0"/>
    <open-files xmlns="http://www.netbeans.org/ns/projectui-open-files/2">
        <group>
            <file>file:/home/nooriallah/NetBeansProjects/LMS/src/LMS/returnBook/ReturnbookController.java</file>
            <file>file:/home/nooriallah/NetBeansProjects/LMS/src/LMS/issue/IssueController.java</file>
            <file>file:/home/nooriallah/NetBeansProjects/LMS/src/LMS/statistics/IsBook.java</file>
            <file>file:/home/nooriallah/NetBeansProjects/LMS/src/LMS/LMS.java</file>
            <file>file:/home/nooriallah/NetBeansProjects/LMS/src/LMS/statistics/StatisController.java</file>
        </group>
    </open-files>
</project-private>
